"ProcessName","CPU","WorkingSet"
"node","1.109375","85565440"
"node","0.609375","83275776"
"node","1.765625","84897792"
"node","2.578125","132726784"
